customer_id,transaction_count,total_volume,customer_risk_score,regulatory_risk_tier
C921533797,1,11308.0,100.0,Immediate Escalation (SAR Candidate)
C398085606,1,441445.58,100.0,Immediate Escalation (SAR Candidate)
C365589282,1,10224.0,100.0,Immediate Escalation (SAR Candidate)
C383882703,1,60726.57,100.0,Immediate Escalation (SAR Candidate)
C383717053,1,262434.54,100.0,Immediate Escalation (SAR Candidate)
C395257482,1,14949.84,100.0,Immediate Escalation (SAR Candidate)
C430329518,1,963532.14,100.0,Immediate Escalation (SAR Candidate)
C436661284,1,17320.91,100.0,Immediate Escalation (SAR Candidate)
C452475723,1,21571.0,100.0,Immediate Escalation (SAR Candidate)
C457596841,1,26768.5,100.0,Immediate Escalation (SAR Candidate)
C467632528,1,1277212.77,100.0,Immediate Escalation (SAR Candidate)
C1872047468,1,235238.66,100.0,Immediate Escalation (SAR Candidate)
C1938531779,1,89631.24,100.0,Immediate Escalation (SAR Candidate)
C1961506277,1,222.0,100.0,Immediate Escalation (SAR Candidate)
C1984954272,1,10539.37,100.0,Immediate Escalation (SAR Candidate)
C1034673425,1,17246.0,100.0,Immediate Escalation (SAR Candidate)
C1023505879,1,441445.58,100.0,Immediate Escalation (SAR Candidate)
C1026280121,1,1078013.76,100.0,Immediate Escalation (SAR Candidate)
C1004271827,1,25975.86,100.0,Immediate Escalation (SAR Candidate)
C1093223281,1,1096187.24,100.0,Immediate Escalation (SAR Candidate)
C1118430673,1,20128.0,100.0,Immediate Escalation (SAR Candidate)
C1134864869,1,10539.37,100.0,Immediate Escalation (SAR Candidate)
C1499825229,1,235238.66,100.0,Immediate Escalation (SAR Candidate)
C1455969984,1,164.0,100.0,Immediate Escalation (SAR Candidate)
C1440057381,1,963532.14,100.0,Immediate Escalation (SAR Candidate)
C1484518113,1,17246.0,100.0,Immediate Escalation (SAR Candidate)
C1547714604,1,216422.0,100.0,Immediate Escalation (SAR Candidate)
C299933576,1,11308.0,100.0,Immediate Escalation (SAR Candidate)
C351297720,1,10000000.0,100.0,Immediate Escalation (SAR Candidate)
C1305486145,1,181.0,100.0,Immediate Escalation (SAR Candidate)
C1334405552,1,1277212.77,100.0,Immediate Escalation (SAR Candidate)
C1364127192,1,35063.63,100.0,Immediate Escalation (SAR Candidate)
C13692003,1,132842.64,100.0,Immediate Escalation (SAR Candidate)
C137533655,1,20128.0,100.0,Immediate Escalation (SAR Candidate)
C1375503918,1,18627.02,100.0,Immediate Escalation (SAR Candidate)
C1395071924,1,43092.0,100.0,Immediate Escalation (SAR Candidate)
C140702728,1,14949.84,100.0,Immediate Escalation (SAR Candidate)
C1409933277,1,120074.73,100.0,Immediate Escalation (SAR Candidate)
C1420196421,1,2806.0,100.0,Immediate Escalation (SAR Candidate)
C1421965867,1,13704.0,100.0,Immediate Escalation (SAR Candidate)
C2026325575,1,169941.73,100.0,Immediate Escalation (SAR Candidate)
C2025652936,1,33332.86,100.0,Immediate Escalation (SAR Candidate)
C2047521920,1,2930418.44,100.0,Immediate Escalation (SAR Candidate)
C2044690596,1,2930418.44,100.0,Immediate Escalation (SAR Candidate)
C2101527076,1,2806.0,100.0,Immediate Escalation (SAR Candidate)
C2101686389,1,262434.54,100.0,Immediate Escalation (SAR Candidate)
C2102265902,1,181728.11,100.0,Immediate Escalation (SAR Candidate)
C2126545173,1,22877.0,100.0,Immediate Escalation (SAR Candidate)
C213063852,1,10119.47,100.0,Immediate Escalation (SAR Candidate)
C840083671,1,181.0,100.0,Immediate Escalation (SAR Candidate)
C788790720,1,17320.91,100.0,Immediate Escalation (SAR Candidate)
C786114805,1,21571.0,100.0,Immediate Escalation (SAR Candidate)
C840095827,1,60726.57,100.0,Immediate Escalation (SAR Candidate)
C858959216,1,1996.17,100.0,Immediate Escalation (SAR Candidate)
C864622150,1,25975.86,100.0,Immediate Escalation (SAR Candidate)
C903383636,1,30521.02,100.0,Immediate Escalation (SAR Candidate)
C558400671,1,85354.69,100.0,Immediate Escalation (SAR Candidate)
C515973302,1,29707.86,100.0,Immediate Escalation (SAR Candidate)
C540962910,1,169941.73,100.0,Immediate Escalation (SAR Candidate)
C556223230,1,13707.11,100.0,Immediate Escalation (SAR Candidate)
C589143360,1,556218.01,100.0,Immediate Escalation (SAR Candidate)
C1173659886,1,164.0,100.0,Immediate Escalation (SAR Candidate)
C1191732945,1,10565.0,100.0,Immediate Escalation (SAR Candidate)
C1198040187,1,1996.17,100.0,Immediate Escalation (SAR Candidate)
C1174000532,1,120074.73,100.0,Immediate Escalation (SAR Candidate)
C1247938090,1,22877.0,100.0,Immediate Escalation (SAR Candidate)
C1275464847,1,25071.46,100.0,Immediate Escalation (SAR Candidate)
C1284098442,1,10224.0,100.0,Immediate Escalation (SAR Candidate)
C1769581889,1,556218.01,100.0,Immediate Escalation (SAR Candidate)
C175961135,1,18627.02,100.0,Immediate Escalation (SAR Candidate)
C1775746074,1,10119.47,100.0,Immediate Escalation (SAR Candidate)
C1737727444,1,222.0,100.0,Immediate Escalation (SAR Candidate)
C17222024,1,13707.11,100.0,Immediate Escalation (SAR Candidate)
C1735554279,1,13704.0,100.0,Immediate Escalation (SAR Candidate)
C1813769162,1,30521.02,100.0,Immediate Escalation (SAR Candidate)
C1825456600,1,29707.86,100.0,Immediate Escalation (SAR Candidate)
C1844941220,1,86070.17,100.0,Immediate Escalation (SAR Candidate)
C666642000,1,216422.0,100.0,Immediate Escalation (SAR Candidate)
C666654362,1,5460002.91,100.0,Immediate Escalation (SAR Candidate)
C685428529,1,33332.86,100.0,Immediate Escalation (SAR Candidate)
C693427358,1,21729.0,100.0,Immediate Escalation (SAR Candidate)
C682812632,1,26768.5,100.0,Immediate Escalation (SAR Candidate)
C669700766,1,25071.46,100.0,Immediate Escalation (SAR Candidate)
C7162498,1,10000000.0,100.0,Immediate Escalation (SAR Candidate)
C74534388,1,89631.24,100.0,Immediate Escalation (SAR Candidate)
C749981943,1,416001.33,100.0,Immediate Escalation (SAR Candidate)
C77163673,1,1096187.24,100.0,Immediate Escalation (SAR Candidate)
C777407608,1,10565.0,100.0,Immediate Escalation (SAR Candidate)
C1635772897,1,35063.63,100.0,Immediate Escalation (SAR Candidate)
C1588880909,1,5460002.91,100.0,Immediate Escalation (SAR Candidate)
C158801009,1,85354.69,100.0,Immediate Escalation (SAR Candidate)
C1683174795,1,43092.0,100.0,Immediate Escalation (SAR Candidate)
C1686905633,1,21729.0,100.0,Immediate Escalation (SAR Candidate)
C1699873763,1,86070.17,100.0,Immediate Escalation (SAR Candidate)
C1574870109,1,23379.27,30.0,Medium Risk (Standard Monitoring)
C1574873161,1,1239.06,30.0,Medium Risk (Standard Monitoring)
C1575043618,1,23557.42,30.0,Medium Risk (Standard Monitoring)
C1575060779,1,7679.22,30.0,Medium Risk (Standard Monitoring)
C1575103372,1,9558.48,30.0,Medium Risk (Standard Monitoring)
C1575132190,1,346724.57,30.0,Medium Risk (Standard Monitoring)
C1575220492,1,11106.13,30.0,Medium Risk (Standard Monitoring)
C1575236641,1,465.45,30.0,Medium Risk (Standard Monitoring)
C1575327777,1,21730.55,30.0,Medium Risk (Standard Monitoring)
C1575405527,1,58292.75,30.0,Medium Risk (Standard Monitoring)
C1575407418,1,3095.41,30.0,Medium Risk (Standard Monitoring)
C1575407992,1,254344.83,30.0,Medium Risk (Standard Monitoring)
C1575421522,1,7485.48,30.0,Medium Risk (Standard Monitoring)
C1575477494,1,238899.06,30.0,Medium Risk (Standard Monitoring)
C1575511014,1,5440.58,30.0,Medium Risk (Standard Monitoring)
C1575593932,1,83138.5,30.0,Medium Risk (Standard Monitoring)
C1575686802,1,60123.99,30.0,Medium Risk (Standard Monitoring)
C1575747242,1,7088.08,30.0,Medium Risk (Standard Monitoring)
C1575860485,1,87916.65,30.0,Medium Risk (Standard Monitoring)
C1575927907,1,4750.95,30.0,Medium Risk (Standard Monitoring)
C1575949523,1,692.56,30.0,Medium Risk (Standard Monitoring)
C1576039409,1,1322111.9,30.0,Medium Risk (Standard Monitoring)
C157621985,1,883126.62,30.0,Medium Risk (Standard Monitoring)
C1576422186,1,1648.13,30.0,Medium Risk (Standard Monitoring)
C157642886,1,669.79,30.0,Medium Risk (Standard Monitoring)
C1576513034,1,56058.18,30.0,Medium Risk (Standard Monitoring)
C1576530256,1,5966.52,30.0,Medium Risk (Standard Monitoring)
C1576574519,1,3204.58,30.0,Medium Risk (Standard Monitoring)
C1576590791,1,75363.69,30.0,Medium Risk (Standard Monitoring)
C1576607881,1,368.56,30.0,Medium Risk (Standard Monitoring)
C157662311,1,356592.74,30.0,Medium Risk (Standard Monitoring)
C1576746277,1,7211.27,30.0,Medium Risk (Standard Monitoring)
C1576756693,1,8976.18,30.0,Medium Risk (Standard Monitoring)
C1576818948,1,695.04,30.0,Medium Risk (Standard Monitoring)
C1576874484,1,4051.25,30.0,Medium Risk (Standard Monitoring)
C1576882092,1,11918.74,30.0,Medium Risk (Standard Monitoring)
C1576913316,1,2266.19,30.0,Medium Risk (Standard Monitoring)
C1576935449,1,206553.56,30.0,Medium Risk (Standard Monitoring)
C1576936424,1,382001.01,30.0,Medium Risk (Standard Monitoring)
C1576941791,1,207805.32,30.0,Medium Risk (Standard Monitoring)
C1577073098,1,24088.02,30.0,Medium Risk (Standard Monitoring)
C1577192913,1,6104.22,30.0,Medium Risk (Standard Monitoring)
C1577250154,1,4183.88,30.0,Medium Risk (Standard Monitoring)
C1577264817,1,7254.4,30.0,Medium Risk (Standard Monitoring)
C1577409761,1,16998.22,30.0,Medium Risk (Standard Monitoring)
C1577428742,1,22571.41,30.0,Medium Risk (Standard Monitoring)
C1577439478,1,2477.73,30.0,Medium Risk (Standard Monitoring)
C1577452287,1,251239.53,30.0,Medium Risk (Standard Monitoring)
C1577536744,1,128538.61,30.0,Medium Risk (Standard Monitoring)
C1577555746,1,6444.5,30.0,Medium Risk (Standard Monitoring)
C1577603673,1,1636.72,30.0,Medium Risk (Standard Monitoring)
C1577643304,1,14995.9,30.0,Medium Risk (Standard Monitoring)
C1577811800,1,164242.82,30.0,Medium Risk (Standard Monitoring)
C1577839962,1,447286.06,30.0,Medium Risk (Standard Monitoring)
C1577932747,1,76328.35,30.0,Medium Risk (Standard Monitoring)
C15780469,1,4666.88,30.0,Medium Risk (Standard Monitoring)
C1578052029,1,67568.2,30.0,Medium Risk (Standard Monitoring)
C1578052738,1,178230.41,30.0,Medium Risk (Standard Monitoring)
C1578096133,1,400845.48,30.0,Medium Risk (Standard Monitoring)
C1578126016,1,11608.6,30.0,Medium Risk (Standard Monitoring)
C1578158760,1,2942.27,30.0,Medium Risk (Standard Monitoring)
C1578169630,1,158798.34,30.0,Medium Risk (Standard Monitoring)
C1578292688,1,32523.93,30.0,Medium Risk (Standard Monitoring)
C157843285,1,2481.93,30.0,Medium Risk (Standard Monitoring)
C1578448352,1,54944.45,30.0,Medium Risk (Standard Monitoring)
C1578492957,1,88206.71,30.0,Medium Risk (Standard Monitoring)
C1578510846,1,12870.38,30.0,Medium Risk (Standard Monitoring)
C1578570822,1,515630.11,30.0,Medium Risk (Standard Monitoring)
C157869249,1,127779.49,30.0,Medium Risk (Standard Monitoring)
C1578904831,1,4697.48,30.0,Medium Risk (Standard Monitoring)
C1578959831,1,55898.94,30.0,Medium Risk (Standard Monitoring)
C1578964260,1,2315.6,30.0,Medium Risk (Standard Monitoring)
C1578989534,1,4535.22,30.0,Medium Risk (Standard Monitoring)
C1579027901,1,242979.77,30.0,Medium Risk (Standard Monitoring)
C1579049175,1,7900.9,30.0,Medium Risk (Standard Monitoring)
C1579072688,1,4136.77,30.0,Medium Risk (Standard Monitoring)
C1579096195,1,6559.35,30.0,Medium Risk (Standard Monitoring)
C1579097076,1,206183.03,30.0,Medium Risk (Standard Monitoring)
C1579105396,1,116393.54,30.0,Medium Risk (Standard Monitoring)
C1579132337,1,3580.26,30.0,Medium Risk (Standard Monitoring)
C1579139754,1,1030100.15,30.0,Medium Risk (Standard Monitoring)
C1579164591,1,916490.4,30.0,Medium Risk (Standard Monitoring)
C1579195822,1,92445.85,30.0,Medium Risk (Standard Monitoring)
C157926137,1,15171.58,30.0,Medium Risk (Standard Monitoring)
C1579430171,1,357964.68,30.0,Medium Risk (Standard Monitoring)
C1579440430,1,6823.03,30.0,Medium Risk (Standard Monitoring)
C1579485722,1,37232.08,30.0,Medium Risk (Standard Monitoring)
C1579621546,1,150411.61,30.0,Medium Risk (Standard Monitoring)
C1579837981,1,3577.69,30.0,Medium Risk (Standard Monitoring)
C1579859954,1,119115.89,30.0,Medium Risk (Standard Monitoring)
C1579899726,1,1988.52,30.0,Medium Risk (Standard Monitoring)
C1579957888,1,288379.76,30.0,Medium Risk (Standard Monitoring)
C1580041709,1,5673.57,30.0,Medium Risk (Standard Monitoring)
C1580268865,1,55832.0,30.0,Medium Risk (Standard Monitoring)
C1580307372,1,213456.86,30.0,Medium Risk (Standard Monitoring)
C1580313961,1,14867.11,30.0,Medium Risk (Standard Monitoring)
C1580398515,1,30578.53,30.0,Medium Risk (Standard Monitoring)
C1580437910,1,22434.79,30.0,Medium Risk (Standard Monitoring)
C1580600379,1,1399.52,30.0,Medium Risk (Standard Monitoring)
C1580650748,1,54596.54,30.0,Medium Risk (Standard Monitoring)
C1580727170,1,34808.12,30.0,Medium Risk (Standard Monitoring)
C1580741277,1,2241254.39,30.0,Medium Risk (Standard Monitoring)
C1580825017,1,356684.06,30.0,Medium Risk (Standard Monitoring)
C1580825201,1,358110.78,30.0,Medium Risk (Standard Monitoring)
C1580833939,1,3361.11,30.0,Medium Risk (Standard Monitoring)
C1580874189,1,302665.03,30.0,Medium Risk (Standard Monitoring)
C1580896252,1,18493.05,30.0,Medium Risk (Standard Monitoring)
C1580900879,1,37282.7,30.0,Medium Risk (Standard Monitoring)
C1581003692,1,4640.25,30.0,Medium Risk (Standard Monitoring)
C1581066085,1,9144.91,30.0,Medium Risk (Standard Monitoring)
C1581117342,1,2189.91,30.0,Medium Risk (Standard Monitoring)
C1581164838,1,641556.54,30.0,Medium Risk (Standard Monitoring)
C158123117,1,11613.47,30.0,Medium Risk (Standard Monitoring)
C1581247137,1,235111.83,30.0,Medium Risk (Standard Monitoring)
C1581276847,1,523736.96,30.0,Medium Risk (Standard Monitoring)
C1581286705,1,5069.15,30.0,Medium Risk (Standard Monitoring)
C1581295036,1,68381.24,30.0,Medium Risk (Standard Monitoring)
C1581300717,1,7932.87,30.0,Medium Risk (Standard Monitoring)
C1581354420,1,181091.19,30.0,Medium Risk (Standard Monitoring)
C1581360359,1,14066.28,30.0,Medium Risk (Standard Monitoring)
C1581397488,1,3439.85,30.0,Medium Risk (Standard Monitoring)
C1581506186,1,9990.51,30.0,Medium Risk (Standard Monitoring)
C1581549322,1,8794.18,30.0,Medium Risk (Standard Monitoring)
C1581572488,1,2811.25,30.0,Medium Risk (Standard Monitoring)
C1581592430,1,1081187.82,30.0,Medium Risk (Standard Monitoring)
C1581687077,1,184679.97,30.0,Medium Risk (Standard Monitoring)
C1581747998,1,125343.16,30.0,Medium Risk (Standard Monitoring)
C1581769827,1,24291.23,30.0,Medium Risk (Standard Monitoring)
C1581787780,1,279365.71,30.0,Medium Risk (Standard Monitoring)
C1581789478,1,345927.06,30.0,Medium Risk (Standard Monitoring)
C1581797141,1,16800.91,30.0,Medium Risk (Standard Monitoring)
C1581909647,1,5545.67,30.0,Medium Risk (Standard Monitoring)
C1581924568,1,41513.45,30.0,Medium Risk (Standard Monitoring)
C1581943203,1,2648.55,30.0,Medium Risk (Standard Monitoring)
C1582010575,1,82391.02,30.0,Medium Risk (Standard Monitoring)
C1582018711,1,1000.71,30.0,Medium Risk (Standard Monitoring)
C1582067157,1,263842.52,30.0,Medium Risk (Standard Monitoring)
C1582243273,1,16030.81,30.0,Medium Risk (Standard Monitoring)
C1582336430,1,220010.99,30.0,Medium Risk (Standard Monitoring)
C1582344366,1,120318.67,30.0,Medium Risk (Standard Monitoring)
C1582406355,1,31898.13,30.0,Medium Risk (Standard Monitoring)
C1582409532,1,997157.8,30.0,Medium Risk (Standard Monitoring)
C1582466166,1,141257.69,30.0,Medium Risk (Standard Monitoring)
C1582599151,1,6124.03,30.0,Medium Risk (Standard Monitoring)
C1582617250,1,18170.73,30.0,Medium Risk (Standard Monitoring)
C1582626783,1,560208.51,30.0,Medium Risk (Standard Monitoring)
C158264601,1,9518.53,30.0,Medium Risk (Standard Monitoring)
C1582661021,1,18803.37,30.0,Medium Risk (Standard Monitoring)
C1582770952,1,93999.6,30.0,Medium Risk (Standard Monitoring)
C1582789771,1,4648.48,30.0,Medium Risk (Standard Monitoring)
C1582807023,1,4750.08,30.0,Medium Risk (Standard Monitoring)
C1582839660,1,90225.35,30.0,Medium Risk (Standard Monitoring)
C1582840873,1,86188.85,30.0,Medium Risk (Standard Monitoring)
C1582858775,1,458687.29,30.0,Medium Risk (Standard Monitoring)
C1582876292,1,161451.02,30.0,Medium Risk (Standard Monitoring)
C1582921957,1,378993.85,30.0,Medium Risk (Standard Monitoring)
C1582925966,1,7081.54,30.0,Medium Risk (Standard Monitoring)
C1582928128,1,1719.19,30.0,Medium Risk (Standard Monitoring)
C1582981655,1,5201.07,30.0,Medium Risk (Standard Monitoring)
C1583020257,1,353902.72,30.0,Medium Risk (Standard Monitoring)
C1583082378,1,156474.87,30.0,Medium Risk (Standard Monitoring)
C1583106764,1,98234.45,30.0,Medium Risk (Standard Monitoring)
C1583176825,1,2442.02,30.0,Medium Risk (Standard Monitoring)
C1583238196,1,6285.19,30.0,Medium Risk (Standard Monitoring)
C1583262335,1,500739.74,30.0,Medium Risk (Standard Monitoring)
C1583266210,1,78569.18,30.0,Medium Risk (Standard Monitoring)
C1583266684,1,93405.71,30.0,Medium Risk (Standard Monitoring)
C1583425429,1,33629.75,30.0,Medium Risk (Standard Monitoring)
C1583532569,1,831878.75,30.0,Medium Risk (Standard Monitoring)
C1583568179,1,18870.04,30.0,Medium Risk (Standard Monitoring)
C1583580224,1,288501.42,30.0,Medium Risk (Standard Monitoring)
C1583657107,1,4677.03,30.0,Medium Risk (Standard Monitoring)
C1583657773,1,12330.21,30.0,Medium Risk (Standard Monitoring)
C1583695294,1,260286.58,30.0,Medium Risk (Standard Monitoring)
C1583722422,1,216556.93,30.0,Medium Risk (Standard Monitoring)
C1583801936,1,684296.31,30.0,Medium Risk (Standard Monitoring)
C1583838717,1,14308.63,30.0,Medium Risk (Standard Monitoring)
C1583878295,1,1537.12,30.0,Medium Risk (Standard Monitoring)
C1583938927,1,153599.1,30.0,Medium Risk (Standard Monitoring)
C1583973952,1,7668.61,30.0,Medium Risk (Standard Monitoring)
C1584060492,1,452835.39,30.0,Medium Risk (Standard Monitoring)
C1584074889,1,3471.52,30.0,Medium Risk (Standard Monitoring)
C1584175378,1,166174.19,30.0,Medium Risk (Standard Monitoring)
C1584266306,1,670.96,30.0,Medium Risk (Standard Monitoring)
C1584329242,1,12359.26,30.0,Medium Risk (Standard Monitoring)
C1584591636,1,87750.16,30.0,Medium Risk (Standard Monitoring)
C1584607181,1,26289.61,30.0,Medium Risk (Standard Monitoring)
C1584694560,1,215791.6,30.0,Medium Risk (Standard Monitoring)
C1584779130,1,47097.56,30.0,Medium Risk (Standard Monitoring)
C158478801,1,462608.42,30.0,Medium Risk (Standard Monitoring)
C1584809244,1,1592.04,30.0,Medium Risk (Standard Monitoring)
C1584848671,1,84776.31,30.0,Medium Risk (Standard Monitoring)
C15848947,1,3530.38,30.0,Medium Risk (Standard Monitoring)
C1584920640,1,152363.19,30.0,Medium Risk (Standard Monitoring)
C1584929615,1,14463.47,30.0,Medium Risk (Standard Monitoring)
C1584938872,1,357427.06,30.0,Medium Risk (Standard Monitoring)
C1584982015,1,70659.4,30.0,Medium Risk (Standard Monitoring)
C1584994551,1,9276.81,30.0,Medium Risk (Standard Monitoring)
C1585049069,1,194272.45,30.0,Medium Risk (Standard Monitoring)
C1585115069,1,1148892.85,30.0,Medium Risk (Standard Monitoring)
C1585327032,1,14689.11,30.0,Medium Risk (Standard Monitoring)
C1585358875,1,44264.07,30.0,Medium Risk (Standard Monitoring)
C1585401696,1,10097.11,30.0,Medium Risk (Standard Monitoring)
C1585430546,1,758.61,30.0,Medium Risk (Standard Monitoring)
C1585435049,1,63395.16,30.0,Medium Risk (Standard Monitoring)
C158544997,1,173258.28,30.0,Medium Risk (Standard Monitoring)
C158569211,1,844648.5,30.0,Medium Risk (Standard Monitoring)
C1585711807,1,783.31,30.0,Medium Risk (Standard Monitoring)
C1585781830,1,16012.35,30.0,Medium Risk (Standard Monitoring)
C1585824283,1,1197188.79,30.0,Medium Risk (Standard Monitoring)
C1585874083,1,2632.9,30.0,Medium Risk (Standard Monitoring)
C1586012828,1,115224.02,30.0,Medium Risk (Standard Monitoring)
C158605330,1,2894.91,30.0,Medium Risk (Standard Monitoring)
C1586095399,1,506375.58,30.0,Medium Risk (Standard Monitoring)
C1586128778,1,109865.4,30.0,Medium Risk (Standard Monitoring)
C1586151649,1,2731.37,30.0,Medium Risk (Standard Monitoring)
C1586222232,1,27595.56,30.0,Medium Risk (Standard Monitoring)
C1586381032,1,3864.92,30.0,Medium Risk (Standard Monitoring)
C1586435449,1,2957.23,30.0,Medium Risk (Standard Monitoring)
C1586436005,1,12539.48,30.0,Medium Risk (Standard Monitoring)
C1586470445,1,161445.91,30.0,Medium Risk (Standard Monitoring)
C1586475197,1,32764.37,30.0,Medium Risk (Standard Monitoring)
C1586776480,1,175212.48,30.0,Medium Risk (Standard Monitoring)
C1586795646,1,779.76,30.0,Medium Risk (Standard Monitoring)
C158679978,1,7077.36,30.0,Medium Risk (Standard Monitoring)
C1586808567,1,1551.72,30.0,Medium Risk (Standard Monitoring)
C1586835239,1,1995.19,30.0,Medium Risk (Standard Monitoring)
C1586884288,1,10546.81,30.0,Medium Risk (Standard Monitoring)
C1586909736,1,61275.19,30.0,Medium Risk (Standard Monitoring)
C1586914631,1,49427.01,30.0,Medium Risk (Standard Monitoring)
C1586933143,1,725.16,30.0,Medium Risk (Standard Monitoring)
C1586983333,1,2940.73,30.0,Medium Risk (Standard Monitoring)
C1587010134,1,10210.72,30.0,Medium Risk (Standard Monitoring)
C1587302983,1,3308.54,30.0,Medium Risk (Standard Monitoring)
C1587383164,1,13614.42,30.0,Medium Risk (Standard Monitoring)
C1587454848,1,11393.18,30.0,Medium Risk (Standard Monitoring)
C1587620615,1,1301358.83,30.0,Medium Risk (Standard Monitoring)
C1587687870,1,255.47,30.0,Medium Risk (Standard Monitoring)
C1587708457,1,3395.81,30.0,Medium Risk (Standard Monitoring)
C1587761959,1,14421.87,30.0,Medium Risk (Standard Monitoring)
C1587796205,1,9600.02,30.0,Medium Risk (Standard Monitoring)
C1587802995,1,13754.54,30.0,Medium Risk (Standard Monitoring)
C1587811612,1,745332.64,30.0,Medium Risk (Standard Monitoring)
C1587829063,1,4965.16,30.0,Medium Risk (Standard Monitoring)
C1587872480,1,173842.23,30.0,Medium Risk (Standard Monitoring)
C1588126619,1,302489.49,30.0,Medium Risk (Standard Monitoring)
C1588136613,1,2924.22,30.0,Medium Risk (Standard Monitoring)
C1588148030,1,179341.27,30.0,Medium Risk (Standard Monitoring)
C1588219600,1,2640.32,30.0,Medium Risk (Standard Monitoring)
C1588284942,1,19971.23,30.0,Medium Risk (Standard Monitoring)
C1588429374,1,11200.72,30.0,Medium Risk (Standard Monitoring)
C1588446023,1,632.88,30.0,Medium Risk (Standard Monitoring)
C1588474866,1,13008.26,30.0,Medium Risk (Standard Monitoring)
C1588567397,1,105659.04,30.0,Medium Risk (Standard Monitoring)
C1588582458,1,6727.82,30.0,Medium Risk (Standard Monitoring)
C1588733462,1,7693.59,30.0,Medium Risk (Standard Monitoring)
C1588736632,1,31209.69,30.0,Medium Risk (Standard Monitoring)
C158877531,1,4186.36,30.0,Medium Risk (Standard Monitoring)
C1588783185,1,432868.38,30.0,Medium Risk (Standard Monitoring)
C1588834537,1,15857.27,30.0,Medium Risk (Standard Monitoring)
C1588885067,1,32979.59,30.0,Medium Risk (Standard Monitoring)
C1588976146,1,8501.84,30.0,Medium Risk (Standard Monitoring)
C1588978534,1,502310.67,30.0,Medium Risk (Standard Monitoring)
C1589007021,1,8031.17,30.0,Medium Risk (Standard Monitoring)
C1589051923,1,49744.65,30.0,Medium Risk (Standard Monitoring)
C1589066091,1,14176.13,30.0,Medium Risk (Standard Monitoring)
C1589127750,1,28934.76,30.0,Medium Risk (Standard Monitoring)
C1589128905,1,5092.24,30.0,Medium Risk (Standard Monitoring)
C1589146424,1,491195.84,30.0,Medium Risk (Standard Monitoring)
C1589174224,1,4530.52,30.0,Medium Risk (Standard Monitoring)
C15892131,1,36651.07,30.0,Medium Risk (Standard Monitoring)
C1589224274,1,7589.6,30.0,Medium Risk (Standard Monitoring)
C1589230243,1,15132.28,30.0,Medium Risk (Standard Monitoring)
C1589254291,1,11652.05,30.0,Medium Risk (Standard Monitoring)
C1589292382,1,7143.91,30.0,Medium Risk (Standard Monitoring)
C1589305426,1,8568.54,30.0,Medium Risk (Standard Monitoring)
C1589343083,1,1238.1,30.0,Medium Risk (Standard Monitoring)
C1589382133,1,4446.78,30.0,Medium Risk (Standard Monitoring)
C1589428083,1,334764.99,30.0,Medium Risk (Standard Monitoring)
C1589466857,1,9980.32,30.0,Medium Risk (Standard Monitoring)
C1589511575,1,16720.42,30.0,Medium Risk (Standard Monitoring)
C158951536,1,3594.83,30.0,Medium Risk (Standard Monitoring)
C1589527023,1,18067.46,30.0,Medium Risk (Standard Monitoring)
C1589584161,1,1989.51,30.0,Medium Risk (Standard Monitoring)
C1589707549,1,3999.83,30.0,Medium Risk (Standard Monitoring)
C1589708891,1,34763.53,30.0,Medium Risk (Standard Monitoring)
C1589711567,1,173591.44,30.0,Medium Risk (Standard Monitoring)
C1589714723,1,120374.05,30.0,Medium Risk (Standard Monitoring)
C1589745212,1,110520.75,30.0,Medium Risk (Standard Monitoring)
C158976636,1,1297983.66,30.0,Medium Risk (Standard Monitoring)
C1589782498,1,222379.58,30.0,Medium Risk (Standard Monitoring)
C158979752,1,11113.19,30.0,Medium Risk (Standard Monitoring)
C1589838747,1,4757.01,30.0,Medium Risk (Standard Monitoring)
C1589849961,1,1021582.12,30.0,Medium Risk (Standard Monitoring)
C1589864529,1,10305.2,30.0,Medium Risk (Standard Monitoring)
C1589876871,1,7696.83,30.0,Medium Risk (Standard Monitoring)
C1589877372,1,492061.35,30.0,Medium Risk (Standard Monitoring)
C1589935644,1,7590.98,30.0,Medium Risk (Standard Monitoring)
C1589952837,1,42412.28,30.0,Medium Risk (Standard Monitoring)
C1589978180,1,136833.47,30.0,Medium Risk (Standard Monitoring)
C1590007791,1,101362.45,30.0,Medium Risk (Standard Monitoring)
C1590014197,1,163366.88,30.0,Medium Risk (Standard Monitoring)
C1590031531,1,92065.79,30.0,Medium Risk (Standard Monitoring)
C1590074818,1,15915.96,30.0,Medium Risk (Standard Monitoring)
C1590075830,1,1667.26,30.0,Medium Risk (Standard Monitoring)
C1590099678,1,2805.92,30.0,Medium Risk (Standard Monitoring)
C1590120821,1,63807.61,30.0,Medium Risk (Standard Monitoring)
C1590129041,1,2560.3,30.0,Medium Risk (Standard Monitoring)
C1590148435,1,151712.64,30.0,Medium Risk (Standard Monitoring)
C1590154117,1,61431.18,30.0,Medium Risk (Standard Monitoring)
C1590210317,1,285585.31,30.0,Medium Risk (Standard Monitoring)
C1590288325,1,13793.5,30.0,Medium Risk (Standard Monitoring)
C1590292218,1,196821.07,30.0,Medium Risk (Standard Monitoring)
C1590326551,1,848736.51,30.0,Medium Risk (Standard Monitoring)
C1590404373,1,32726.88,30.0,Medium Risk (Standard Monitoring)
C1590414384,1,6675.49,30.0,Medium Risk (Standard Monitoring)
C159042716,1,10326.9,30.0,Medium Risk (Standard Monitoring)
C1590431204,1,6976.51,30.0,Medium Risk (Standard Monitoring)
C1590486487,1,9896.65,30.0,Medium Risk (Standard Monitoring)
C1590527629,1,112735.06,30.0,Medium Risk (Standard Monitoring)
C1590562558,1,26203.87,30.0,Medium Risk (Standard Monitoring)
C1590650105,1,51130.3,30.0,Medium Risk (Standard Monitoring)
C1590665892,1,5758.06,30.0,Medium Risk (Standard Monitoring)
C1590743356,1,197360.57,30.0,Medium Risk (Standard Monitoring)
C1590770565,1,1129025.89,30.0,Medium Risk (Standard Monitoring)
C1590772618,1,16176.38,30.0,Medium Risk (Standard Monitoring)
C1590792382,1,117257.18,30.0,Medium Risk (Standard Monitoring)
C1590813200,1,5253.68,30.0,Medium Risk (Standard Monitoring)
C159089828,1,2400.47,30.0,Medium Risk (Standard Monitoring)
C1590913388,1,459343.74,30.0,Medium Risk (Standard Monitoring)
C1590952218,1,149731.91,30.0,Medium Risk (Standard Monitoring)
C1590977463,1,10469.87,30.0,Medium Risk (Standard Monitoring)
C1590985315,1,267895.56,30.0,Medium Risk (Standard Monitoring)
C15910024,1,6525.58,30.0,Medium Risk (Standard Monitoring)
C1591144155,1,5474.26,30.0,Medium Risk (Standard Monitoring)
C1591161296,1,338964.91,30.0,Medium Risk (Standard Monitoring)
C159116975,1,83160.08,30.0,Medium Risk (Standard Monitoring)
C1591196074,1,29647.73,30.0,Medium Risk (Standard Monitoring)
C1591291425,1,94157.4,30.0,Medium Risk (Standard Monitoring)
C1591301204,1,11671.33,30.0,Medium Risk (Standard Monitoring)
C159132667,1,314780.67,30.0,Medium Risk (Standard Monitoring)
C1591450934,1,275164.89,30.0,Medium Risk (Standard Monitoring)
C1591524257,1,7161.19,30.0,Medium Risk (Standard Monitoring)
C1591535578,1,140231.37,30.0,Medium Risk (Standard Monitoring)
C1591544446,1,6216.59,30.0,Medium Risk (Standard Monitoring)
C15915499,1,1259217.34,30.0,Medium Risk (Standard Monitoring)
C1591550320,1,1789373.23,30.0,Medium Risk (Standard Monitoring)
C1591640139,1,181.81,30.0,Medium Risk (Standard Monitoring)
C1591831149,1,230466.04,30.0,Medium Risk (Standard Monitoring)
C1591838336,1,358.96,30.0,Medium Risk (Standard Monitoring)
C1591842611,1,295225.0,30.0,Medium Risk (Standard Monitoring)
C159190022,1,7699.52,30.0,Medium Risk (Standard Monitoring)
C1591954203,1,269603.45,30.0,Medium Risk (Standard Monitoring)
C1591980638,1,15182.06,30.0,Medium Risk (Standard Monitoring)
C1592071128,1,6054.78,30.0,Medium Risk (Standard Monitoring)
C1592072078,1,14588.7,30.0,Medium Risk (Standard Monitoring)
C1592085793,1,1647.91,30.0,Medium Risk (Standard Monitoring)
C1592225010,1,164890.89,30.0,Medium Risk (Standard Monitoring)
C1592228783,1,3401.12,30.0,Medium Risk (Standard Monitoring)
C1592399121,1,11746.15,30.0,Medium Risk (Standard Monitoring)
C1592712032,1,457552.45,30.0,Medium Risk (Standard Monitoring)
C1592713508,1,469.63,30.0,Medium Risk (Standard Monitoring)
C1592789220,1,24132.24,30.0,Medium Risk (Standard Monitoring)
C1592840862,1,406297.68,30.0,Medium Risk (Standard Monitoring)
C1592955814,1,3976.28,30.0,Medium Risk (Standard Monitoring)
C1592964017,1,7713.8,30.0,Medium Risk (Standard Monitoring)
C1592970214,1,1871.25,30.0,Medium Risk (Standard Monitoring)
C1593084680,1,774.43,30.0,Medium Risk (Standard Monitoring)
C1593088538,1,16928.55,30.0,Medium Risk (Standard Monitoring)
C159313977,1,131460.13,30.0,Medium Risk (Standard Monitoring)
C1593245055,1,149683.03,30.0,Medium Risk (Standard Monitoring)
C1593283435,1,121355.38,30.0,Medium Risk (Standard Monitoring)
C1593287956,1,27435.87,30.0,Medium Risk (Standard Monitoring)
C1593289756,1,5448.24,30.0,Medium Risk (Standard Monitoring)
C1593318245,1,39475.03,30.0,Medium Risk (Standard Monitoring)
C1593329129,1,19522.29,30.0,Medium Risk (Standard Monitoring)
C15934359,1,935.25,30.0,Medium Risk (Standard Monitoring)
C1593443833,1,197498.84,30.0,Medium Risk (Standard Monitoring)
C1593447492,1,273536.21,30.0,Medium Risk (Standard Monitoring)
C1593453458,1,157674.95,30.0,Medium Risk (Standard Monitoring)
C1593500195,1,6915.45,30.0,Medium Risk (Standard Monitoring)
C1593561053,1,46016.64,30.0,Medium Risk (Standard Monitoring)
C1593567381,1,13182.94,30.0,Medium Risk (Standard Monitoring)
C1593624045,1,20572.59,30.0,Medium Risk (Standard Monitoring)
C1593701682,1,34693.01,30.0,Medium Risk (Standard Monitoring)
C15937350,1,50.79,30.0,Medium Risk (Standard Monitoring)
C1593771601,1,137312.58,30.0,Medium Risk (Standard Monitoring)
C1593826381,1,5616.96,30.0,Medium Risk (Standard Monitoring)
C1593832648,1,1005.17,30.0,Medium Risk (Standard Monitoring)
C1593914910,1,14143.87,30.0,Medium Risk (Standard Monitoring)
C1593916384,1,34309.73,30.0,Medium Risk (Standard Monitoring)
C1593975616,1,48283.25,30.0,Medium Risk (Standard Monitoring)
C1593983790,1,264883.85,30.0,Medium Risk (Standard Monitoring)
C1594039997,1,9796.29,30.0,Medium Risk (Standard Monitoring)
C1594041909,1,183038.65,30.0,Medium Risk (Standard Monitoring)
C1594065480,1,168258.14,30.0,Medium Risk (Standard Monitoring)
C1594259443,1,360262.92,30.0,Medium Risk (Standard Monitoring)
C1594279624,1,273948.49,30.0,Medium Risk (Standard Monitoring)
C1594319308,1,3998.26,30.0,Medium Risk (Standard Monitoring)
C1594330911,1,7196.02,30.0,Medium Risk (Standard Monitoring)
C1594398069,1,269160.8,30.0,Medium Risk (Standard Monitoring)
C1594513480,1,42273.58,30.0,Medium Risk (Standard Monitoring)
C1594600318,1,22256.72,30.0,Medium Risk (Standard Monitoring)
C1594618093,1,73821.85,30.0,Medium Risk (Standard Monitoring)
C159463325,1,8665.48,30.0,Medium Risk (Standard Monitoring)
C1594857799,1,63116.69,30.0,Medium Risk (Standard Monitoring)
C1594981181,1,130280.74,30.0,Medium Risk (Standard Monitoring)
C1595094837,1,492.45,30.0,Medium Risk (Standard Monitoring)
C1595184582,1,2705.4,30.0,Medium Risk (Standard Monitoring)
C1595206481,1,138323.26,30.0,Medium Risk (Standard Monitoring)
C1595332876,1,188393.66,30.0,Medium Risk (Standard Monitoring)
C1595354442,1,8326.13,30.0,Medium Risk (Standard Monitoring)
C1595502078,1,140959.61,30.0,Medium Risk (Standard Monitoring)
C1595504077,1,267893.51,30.0,Medium Risk (Standard Monitoring)
C1595544293,1,4882.29,30.0,Medium Risk (Standard Monitoring)
C1595591093,1,722611.98,30.0,Medium Risk (Standard Monitoring)
C159562640,1,162591.2,30.0,Medium Risk (Standard Monitoring)
C1595643455,1,9194.32,30.0,Medium Risk (Standard Monitoring)
C1595731267,1,10554.52,30.0,Medium Risk (Standard Monitoring)
C1595752400,1,3164.03,30.0,Medium Risk (Standard Monitoring)
C1595780596,1,295474.84,30.0,Medium Risk (Standard Monitoring)
C1595780841,1,383304.35,30.0,Medium Risk (Standard Monitoring)
C1595782032,1,6479.6,30.0,Medium Risk (Standard Monitoring)
C159581451,1,430086.7,30.0,Medium Risk (Standard Monitoring)
C159582254,1,1243206.07,30.0,Medium Risk (Standard Monitoring)
C1595866994,1,438047.1,30.0,Medium Risk (Standard Monitoring)
C1595958982,1,208.74,30.0,Medium Risk (Standard Monitoring)
C159596574,1,123015.81,30.0,Medium Risk (Standard Monitoring)
C1596009860,1,118753.07,30.0,Medium Risk (Standard Monitoring)
C1596009896,1,18863.17,30.0,Medium Risk (Standard Monitoring)
C159602037,1,23434.38,30.0,Medium Risk (Standard Monitoring)
C15960765,1,10256.74,30.0,Medium Risk (Standard Monitoring)
C1596112754,1,434931.98,30.0,Medium Risk (Standard Monitoring)
C1596144422,1,3548.72,30.0,Medium Risk (Standard Monitoring)
C1596340734,1,20496.03,30.0,Medium Risk (Standard Monitoring)
C1596372459,1,1780.06,30.0,Medium Risk (Standard Monitoring)
C1596374236,1,338652.18,30.0,Medium Risk (Standard Monitoring)
C1596416261,1,17382.57,30.0,Medium Risk (Standard Monitoring)
C1596476672,1,25145.74,30.0,Medium Risk (Standard Monitoring)
C159651486,1,2768.58,30.0,Medium Risk (Standard Monitoring)
C1596518881,1,26751.01,30.0,Medium Risk (Standard Monitoring)
C1596623421,1,3892.53,30.0,Medium Risk (Standard Monitoring)
C1596653154,1,4497.03,30.0,Medium Risk (Standard Monitoring)
C1596708569,1,702.32,30.0,Medium Risk (Standard Monitoring)
C159675586,1,6907.42,30.0,Medium Risk (Standard Monitoring)
C1596809677,1,998.92,30.0,Medium Risk (Standard Monitoring)
C1597005002,1,36730.54,30.0,Medium Risk (Standard Monitoring)
C1597063938,1,7317.2,30.0,Medium Risk (Standard Monitoring)
C1597100137,1,4555.46,30.0,Medium Risk (Standard Monitoring)
C1597105101,1,51649.08,30.0,Medium Risk (Standard Monitoring)
C1597149743,1,3640.0,30.0,Medium Risk (Standard Monitoring)
C1597169296,1,309.78,30.0,Medium Risk (Standard Monitoring)
C1597198553,1,127954.55,30.0,Medium Risk (Standard Monitoring)
C1597268821,1,139209.07,30.0,Medium Risk (Standard Monitoring)
C1597280379,1,9583.89,30.0,Medium Risk (Standard Monitoring)
C1597311911,1,185410.68,30.0,Medium Risk (Standard Monitoring)
C159733120,1,238680.95,30.0,Medium Risk (Standard Monitoring)
C1597343706,1,21296.72,30.0,Medium Risk (Standard Monitoring)
C1597399644,1,246133.5,30.0,Medium Risk (Standard Monitoring)
C1597415366,1,10953.04,30.0,Medium Risk (Standard Monitoring)
C1597545842,1,238348.76,30.0,Medium Risk (Standard Monitoring)
C1597565516,1,456725.02,30.0,Medium Risk (Standard Monitoring)
C1597655148,1,121676.2,30.0,Medium Risk (Standard Monitoring)
C1597695592,1,1372544.85,30.0,Medium Risk (Standard Monitoring)
C1597705638,1,82675.29,30.0,Medium Risk (Standard Monitoring)
C1597742167,1,327066.19,30.0,Medium Risk (Standard Monitoring)
C1597751577,1,104669.17,30.0,Medium Risk (Standard Monitoring)
C1597765656,1,9308.78,30.0,Medium Risk (Standard Monitoring)
C1597870979,1,1790.36,30.0,Medium Risk (Standard Monitoring)
C159791010,1,138641.99,30.0,Medium Risk (Standard Monitoring)
C1597937945,1,15012.18,30.0,Medium Risk (Standard Monitoring)
C1597951004,1,68477.19,30.0,Medium Risk (Standard Monitoring)
C1598009290,1,23553.39,30.0,Medium Risk (Standard Monitoring)
C1598032791,1,16854.51,30.0,Medium Risk (Standard Monitoring)
C1598068850,1,44694.86,30.0,Medium Risk (Standard Monitoring)
C1598068925,1,2571.18,30.0,Medium Risk (Standard Monitoring)
C1598073055,1,740.95,30.0,Medium Risk (Standard Monitoring)
C1598097046,1,656723.74,30.0,Medium Risk (Standard Monitoring)
C1598120904,1,348783.91,30.0,Medium Risk (Standard Monitoring)
C1598154781,1,39558.34,30.0,Medium Risk (Standard Monitoring)
C1598332735,1,390999.44,30.0,Medium Risk (Standard Monitoring)
C1598405774,1,6351.38,30.0,Medium Risk (Standard Monitoring)
C1598429157,1,67880.93,30.0,Medium Risk (Standard Monitoring)
C1598434875,1,8999.94,30.0,Medium Risk (Standard Monitoring)
C159844768,1,52373.15,30.0,Medium Risk (Standard Monitoring)
C1598456082,1,3160.24,30.0,Medium Risk (Standard Monitoring)
C1598509245,1,255939.86,30.0,Medium Risk (Standard Monitoring)
C159851247,1,3724.19,30.0,Medium Risk (Standard Monitoring)
C1598561139,1,9657.66,30.0,Medium Risk (Standard Monitoring)
C159860059,1,231460.09,30.0,Medium Risk (Standard Monitoring)
C1598601296,1,286.3,30.0,Medium Risk (Standard Monitoring)
C1598633956,1,225036.81,30.0,Medium Risk (Standard Monitoring)
C1598722984,1,2296496.48,30.0,Medium Risk (Standard Monitoring)
C1598758920,1,737202.5,30.0,Medium Risk (Standard Monitoring)
C1598797346,1,54859.35,30.0,Medium Risk (Standard Monitoring)
C1598849823,1,6859.89,30.0,Medium Risk (Standard Monitoring)
C1598929170,1,89518.14,30.0,Medium Risk (Standard Monitoring)
C159895294,1,261709.15,30.0,Medium Risk (Standard Monitoring)
C1598964548,1,10932.85,30.0,Medium Risk (Standard Monitoring)
C1598973752,1,528826.09,30.0,Medium Risk (Standard Monitoring)
C1599019404,1,7180.93,30.0,Medium Risk (Standard Monitoring)
C1599026416,1,21344.69,30.0,Medium Risk (Standard Monitoring)
C1599045402,1,6359.91,30.0,Medium Risk (Standard Monitoring)
C1599103491,1,628.88,30.0,Medium Risk (Standard Monitoring)
C1599146281,1,382.59,30.0,Medium Risk (Standard Monitoring)
C159917166,1,14546.65,30.0,Medium Risk (Standard Monitoring)
C1599301152,1,288998.52,30.0,Medium Risk (Standard Monitoring)
C159936195,1,173.52,30.0,Medium Risk (Standard Monitoring)
C1599468504,1,172317.33,30.0,Medium Risk (Standard Monitoring)
C1599662493,1,235233.09,30.0,Medium Risk (Standard Monitoring)
C1599677423,1,7019.85,30.0,Medium Risk (Standard Monitoring)
C1599723271,1,2739.99,30.0,Medium Risk (Standard Monitoring)
C1599728268,1,16165.8,30.0,Medium Risk (Standard Monitoring)
C1599747053,1,1485.32,30.0,Medium Risk (Standard Monitoring)
C1599748799,1,255049.62,30.0,Medium Risk (Standard Monitoring)
C1599823012,1,16662.21,30.0,Medium Risk (Standard Monitoring)
C1600107317,1,6904.78,30.0,Medium Risk (Standard Monitoring)
C1600154294,1,3414.74,30.0,Medium Risk (Standard Monitoring)
C1600249858,1,532.13,30.0,Medium Risk (Standard Monitoring)
C1600330147,1,668102.2,30.0,Medium Risk (Standard Monitoring)
C160041026,1,3674.17,30.0,Medium Risk (Standard Monitoring)
C1600527856,1,6370.7,30.0,Medium Risk (Standard Monitoring)
C1600545810,1,16673.7,30.0,Medium Risk (Standard Monitoring)
C1600591903,1,61464.3,30.0,Medium Risk (Standard Monitoring)
C1600733118,1,3026.6,30.0,Medium Risk (Standard Monitoring)
C1600809442,1,9145.96,30.0,Medium Risk (Standard Monitoring)
C1600855833,1,223690.38,30.0,Medium Risk (Standard Monitoring)
C1600930017,1,68871.03,30.0,Medium Risk (Standard Monitoring)
C1600997399,1,37316.55,30.0,Medium Risk (Standard Monitoring)
C1601288614,1,74673.24,30.0,Medium Risk (Standard Monitoring)
C1601440265,1,4023.63,30.0,Medium Risk (Standard Monitoring)
C1601448204,1,335189.94,30.0,Medium Risk (Standard Monitoring)
C1601516389,1,235827.23,30.0,Medium Risk (Standard Monitoring)
C1601614336,1,133097.38,30.0,Medium Risk (Standard Monitoring)
C1601680752,1,4296.35,30.0,Medium Risk (Standard Monitoring)
C1601756706,1,256481.43,30.0,Medium Risk (Standard Monitoring)
C1601789255,1,804.68,30.0,Medium Risk (Standard Monitoring)
C1601800698,1,3073.34,30.0,Medium Risk (Standard Monitoring)
C1601907512,1,953.83,30.0,Medium Risk (Standard Monitoring)
C1601920524,1,18719.75,30.0,Medium Risk (Standard Monitoring)
C1601969632,1,340505.75,30.0,Medium Risk (Standard Monitoring)
C1602037519,1,12803.78,30.0,Medium Risk (Standard Monitoring)
C1602120203,1,9562.05,30.0,Medium Risk (Standard Monitoring)
C1602147693,1,9137.16,30.0,Medium Risk (Standard Monitoring)
C1602154134,1,2789.37,30.0,Medium Risk (Standard Monitoring)
C1602167682,1,427175.03,30.0,Medium Risk (Standard Monitoring)
C160221123,1,9021.68,30.0,Medium Risk (Standard Monitoring)
C1602219271,1,13123.96,30.0,Medium Risk (Standard Monitoring)
C1602269786,1,1730.73,30.0,Medium Risk (Standard Monitoring)
C1602314131,1,5961.64,30.0,Medium Risk (Standard Monitoring)
C1602363550,1,206890.25,30.0,Medium Risk (Standard Monitoring)
C160243828,1,24121.96,30.0,Medium Risk (Standard Monitoring)
C1602530280,1,134469.08,30.0,Medium Risk (Standard Monitoring)
C1602611177,1,204176.35,30.0,Medium Risk (Standard Monitoring)
C1602638364,1,3897.4,30.0,Medium Risk (Standard Monitoring)
C1602764176,1,122539.12,30.0,Medium Risk (Standard Monitoring)
C1602785474,1,1636507.63,30.0,Medium Risk (Standard Monitoring)
C1602887421,1,57196.93,30.0,Medium Risk (Standard Monitoring)
C1602890186,1,1370.69,30.0,Medium Risk (Standard Monitoring)
C1603035376,1,3081.2,30.0,Medium Risk (Standard Monitoring)
C160303894,1,34860.97,30.0,Medium Risk (Standard Monitoring)
C1603213074,1,51208.37,30.0,Medium Risk (Standard Monitoring)
C1603277895,1,19080.06,30.0,Medium Risk (Standard Monitoring)
C1603324844,1,197.39,30.0,Medium Risk (Standard Monitoring)
C1603407617,1,13377.42,30.0,Medium Risk (Standard Monitoring)
C1603462635,1,1656720.92,30.0,Medium Risk (Standard Monitoring)
C160360935,1,9780.79,30.0,Medium Risk (Standard Monitoring)
C1603659145,1,1932.33,30.0,Medium Risk (Standard Monitoring)
C1603672862,1,50212.51,30.0,Medium Risk (Standard Monitoring)
C1603695034,1,2076.64,30.0,Medium Risk (Standard Monitoring)
C1603696188,1,160256.21,30.0,Medium Risk (Standard Monitoring)
C1603696865,1,554026.99,30.0,Medium Risk (Standard Monitoring)
C160371564,1,4437.42,30.0,Medium Risk (Standard Monitoring)
C1603739197,1,15247.04,30.0,Medium Risk (Standard Monitoring)
C1603741530,1,146270.38,30.0,Medium Risk (Standard Monitoring)
C1603775945,1,193382.23,30.0,Medium Risk (Standard Monitoring)
C1603863894,1,421784.7,30.0,Medium Risk (Standard Monitoring)
C1603927880,1,10263.55,30.0,Medium Risk (Standard Monitoring)
C1603931266,1,63045.57,30.0,Medium Risk (Standard Monitoring)
C1603977858,1,9839.74,30.0,Medium Risk (Standard Monitoring)
C1604011014,1,2622.72,30.0,Medium Risk (Standard Monitoring)
C16040583,1,34253.04,30.0,Medium Risk (Standard Monitoring)
C1604103031,1,1976.22,30.0,Medium Risk (Standard Monitoring)
C1604139417,1,1091.45,30.0,Medium Risk (Standard Monitoring)
C1604168718,1,14398.77,30.0,Medium Risk (Standard Monitoring)
C1604214764,1,2386.75,30.0,Medium Risk (Standard Monitoring)
C16042621,1,2134.72,30.0,Medium Risk (Standard Monitoring)
C1604289258,1,4380.82,30.0,Medium Risk (Standard Monitoring)
C1604291669,1,26541.34,30.0,Medium Risk (Standard Monitoring)
C1604359229,1,8728.69,30.0,Medium Risk (Standard Monitoring)
C1604373359,1,10090.16,30.0,Medium Risk (Standard Monitoring)
C1604536818,1,16293.76,30.0,Medium Risk (Standard Monitoring)
C160463445,1,14203.29,30.0,Medium Risk (Standard Monitoring)
C1604705426,1,95059.35,30.0,Medium Risk (Standard Monitoring)
C1604781893,1,4778.88,30.0,Medium Risk (Standard Monitoring)
C160479339,1,9536.43,30.0,Medium Risk (Standard Monitoring)
C1604839683,1,161335.21,30.0,Medium Risk (Standard Monitoring)
C1604886708,1,114457.5,30.0,Medium Risk (Standard Monitoring)
C1604896217,1,94479.18,30.0,Medium Risk (Standard Monitoring)
C1604933570,1,463128.71,30.0,Medium Risk (Standard Monitoring)
C1604964757,1,193.37,30.0,Medium Risk (Standard Monitoring)
C1604967493,1,96750.38,30.0,Medium Risk (Standard Monitoring)
C1605127317,1,337012.97,30.0,Medium Risk (Standard Monitoring)
C1605263717,1,56645.13,30.0,Medium Risk (Standard Monitoring)
C1605280715,1,265794.88,30.0,Medium Risk (Standard Monitoring)
C1605356439,1,27229.11,30.0,Medium Risk (Standard Monitoring)
C1605357721,1,261651.77,30.0,Medium Risk (Standard Monitoring)
C1605382788,1,11189.14,30.0,Medium Risk (Standard Monitoring)
C1605393415,1,2928.73,30.0,Medium Risk (Standard Monitoring)
C1605399367,1,13564.12,30.0,Medium Risk (Standard Monitoring)
C1605410974,1,8368.62,30.0,Medium Risk (Standard Monitoring)
C1605443801,1,5526.12,30.0,Medium Risk (Standard Monitoring)
C1605449215,1,14939.86,30.0,Medium Risk (Standard Monitoring)
C1605469078,1,217496.0,30.0,Medium Risk (Standard Monitoring)
C1605489293,1,77455.91,30.0,Medium Risk (Standard Monitoring)
C160549854,1,21987.06,30.0,Medium Risk (Standard Monitoring)
C1605514080,1,353345.26,30.0,Medium Risk (Standard Monitoring)
C1605527591,1,8959.4,30.0,Medium Risk (Standard Monitoring)
C1605531542,1,209164.1,30.0,Medium Risk (Standard Monitoring)
C1605570842,1,80249.55,30.0,Medium Risk (Standard Monitoring)
C1605651875,1,280468.37,30.0,Medium Risk (Standard Monitoring)
C1605702850,1,441551.13,30.0,Medium Risk (Standard Monitoring)
C160572332,1,162671.15,30.0,Medium Risk (Standard Monitoring)
C1605761770,1,266728.7,30.0,Medium Risk (Standard Monitoring)
C1605786426,1,102397.45,30.0,Medium Risk (Standard Monitoring)
C1605880123,1,77155.56,30.0,Medium Risk (Standard Monitoring)
C1605910215,1,16920.94,30.0,Medium Risk (Standard Monitoring)
C1605917334,1,3625.23,30.0,Medium Risk (Standard Monitoring)
C1605969826,1,4708.45,30.0,Medium Risk (Standard Monitoring)
C1605977927,1,12139.77,30.0,Medium Risk (Standard Monitoring)
C1605988985,1,3238.39,30.0,Medium Risk (Standard Monitoring)
C1606086334,1,17047.57,30.0,Medium Risk (Standard Monitoring)
C1606208971,1,3354.65,30.0,Medium Risk (Standard Monitoring)
C1606259677,1,102978.35,30.0,Medium Risk (Standard Monitoring)
C1606301142,1,1765.11,30.0,Medium Risk (Standard Monitoring)
C1606327359,1,2707.94,30.0,Medium Risk (Standard Monitoring)
C1606384221,1,681857.19,30.0,Medium Risk (Standard Monitoring)
C160652033,1,228125.41,30.0,Medium Risk (Standard Monitoring)
C1606531831,1,8515.55,30.0,Medium Risk (Standard Monitoring)
C160654164,1,5956.99,30.0,Medium Risk (Standard Monitoring)
C1606544455,1,62982.26,30.0,Medium Risk (Standard Monitoring)
C1606612582,1,21661.79,30.0,Medium Risk (Standard Monitoring)
C1606691224,1,5245.79,30.0,Medium Risk (Standard Monitoring)
C1606705685,1,2316902.39,30.0,Medium Risk (Standard Monitoring)
C1606730405,1,34527.22,30.0,Medium Risk (Standard Monitoring)
C1606786627,1,58823.42,30.0,Medium Risk (Standard Monitoring)
C1606820947,1,434863.28,30.0,Medium Risk (Standard Monitoring)
C1606880104,1,108427.43,30.0,Medium Risk (Standard Monitoring)
C1606928815,1,3472.52,30.0,Medium Risk (Standard Monitoring)
C1607008440,1,646953.51,30.0,Medium Risk (Standard Monitoring)
C1607031101,1,2049.51,30.0,Medium Risk (Standard Monitoring)
C160711899,1,5813.36,30.0,Medium Risk (Standard Monitoring)
C160727438,1,85272.45,30.0,Medium Risk (Standard Monitoring)
C1607277663,1,48513.85,30.0,Medium Risk (Standard Monitoring)
C1607326279,1,1236489.87,30.0,Medium Risk (Standard Monitoring)
C1607458416,1,211454.31,30.0,Medium Risk (Standard Monitoring)
C1607474772,1,3138.1,30.0,Medium Risk (Standard Monitoring)
C1607566361,1,3003.85,30.0,Medium Risk (Standard Monitoring)
C1607659015,1,153455.51,30.0,Medium Risk (Standard Monitoring)
C1607745112,1,4011.15,30.0,Medium Risk (Standard Monitoring)
C1607873105,1,22699.92,30.0,Medium Risk (Standard Monitoring)
C1607984989,1,469759.88,30.0,Medium Risk (Standard Monitoring)
C1608307277,1,13153.56,30.0,Medium Risk (Standard Monitoring)
C1608399725,1,211276.0,30.0,Medium Risk (Standard Monitoring)
C1608520532,1,106334.4,30.0,Medium Risk (Standard Monitoring)
C1608524967,1,20385.69,30.0,Medium Risk (Standard Monitoring)
C1608556434,1,157266.96,30.0,Medium Risk (Standard Monitoring)
C1608633989,1,8603.42,30.0,Medium Risk (Standard Monitoring)
C1608657155,1,61096.18,30.0,Medium Risk (Standard Monitoring)
C160867654,1,57234.15,30.0,Medium Risk (Standard Monitoring)
C1608801515,1,1578.71,30.0,Medium Risk (Standard Monitoring)
C1608815445,1,10336.73,30.0,Medium Risk (Standard Monitoring)
C160886163,1,18181.45,30.0,Medium Risk (Standard Monitoring)
C1608959938,1,16469.31,30.0,Medium Risk (Standard Monitoring)
C1608980291,1,314845.9,30.0,Medium Risk (Standard Monitoring)
C1608991487,1,38553.04,30.0,Medium Risk (Standard Monitoring)
C160903373,1,5230.42,30.0,Medium Risk (Standard Monitoring)
C1609086753,1,540789.56,30.0,Medium Risk (Standard Monitoring)
C1609109892,1,12423.04,30.0,Medium Risk (Standard Monitoring)
C160913493,1,13525.65,30.0,Medium Risk (Standard Monitoring)
C1609186326,1,73257.66,30.0,Medium Risk (Standard Monitoring)
C160920812,1,42025.29,30.0,Medium Risk (Standard Monitoring)
C1609261999,1,32942.45,30.0,Medium Risk (Standard Monitoring)
C1609292270,1,94228.61,30.0,Medium Risk (Standard Monitoring)
C1609314701,1,9501.86,30.0,Medium Risk (Standard Monitoring)
C1609315188,1,224680.67,30.0,Medium Risk (Standard Monitoring)
C1609335162,1,2270.19,30.0,Medium Risk (Standard Monitoring)
C1609347973,1,2132.37,30.0,Medium Risk (Standard Monitoring)
C1609375615,1,1657.41,30.0,Medium Risk (Standard Monitoring)
C160945458,1,4685.16,30.0,Medium Risk (Standard Monitoring)
C1609475509,1,15101.45,30.0,Medium Risk (Standard Monitoring)
C1609565447,1,176482.1,30.0,Medium Risk (Standard Monitoring)
C1609637243,1,1032358.25,30.0,Medium Risk (Standard Monitoring)
C1609638725,1,9302.99,30.0,Medium Risk (Standard Monitoring)
C1609724165,1,407644.51,30.0,Medium Risk (Standard Monitoring)
C1609779065,1,56638.95,30.0,Medium Risk (Standard Monitoring)
C1609861729,1,259995.63,30.0,Medium Risk (Standard Monitoring)
C1609864447,1,1817813.15,30.0,Medium Risk (Standard Monitoring)
C1609891958,1,153090.82,30.0,Medium Risk (Standard Monitoring)
C16098944,1,798540.41,30.0,Medium Risk (Standard Monitoring)
C1609974554,1,64440.66,30.0,Medium Risk (Standard Monitoring)
C1609987146,1,153612.19,30.0,Medium Risk (Standard Monitoring)
C1610014012,1,7118.78,30.0,Medium Risk (Standard Monitoring)
C1610030128,1,38352.64,30.0,Medium Risk (Standard Monitoring)
C161010915,1,215281.76,30.0,Medium Risk (Standard Monitoring)
C1610317262,1,119293.17,30.0,Medium Risk (Standard Monitoring)
C1610323558,1,34971.65,30.0,Medium Risk (Standard Monitoring)
C1610369623,1,8129.31,30.0,Medium Risk (Standard Monitoring)
C1610373223,1,496646.36,30.0,Medium Risk (Standard Monitoring)
C1610397354,1,60608.86,30.0,Medium Risk (Standard Monitoring)
C161040638,1,172588.84,30.0,Medium Risk (Standard Monitoring)
C1610429917,1,189057.7,30.0,Medium Risk (Standard Monitoring)
C1610445420,1,244834.54,30.0,Medium Risk (Standard Monitoring)
C1610510730,1,682376.86,30.0,Medium Risk (Standard Monitoring)
C161069393,1,22948.44,30.0,Medium Risk (Standard Monitoring)
C1610758046,1,3513.65,30.0,Medium Risk (Standard Monitoring)
C1610763282,1,2769.9,30.0,Medium Risk (Standard Monitoring)
C1610797942,1,420104.69,30.0,Medium Risk (Standard Monitoring)
C1610853733,1,136416.82,30.0,Medium Risk (Standard Monitoring)
C1610897025,1,28298.59,30.0,Medium Risk (Standard Monitoring)
C1610942957,1,8423.08,30.0,Medium Risk (Standard Monitoring)
C1611007335,1,458144.34,30.0,Medium Risk (Standard Monitoring)
C1611058489,1,513625.95,30.0,Medium Risk (Standard Monitoring)
C1611090042,1,17908.2,30.0,Medium Risk (Standard Monitoring)
C161113555,1,3559.49,30.0,Medium Risk (Standard Monitoring)
C1611249687,1,46076.2,30.0,Medium Risk (Standard Monitoring)
C1611272816,1,8987.61,30.0,Medium Risk (Standard Monitoring)
C1611291905,1,785724.89,30.0,Medium Risk (Standard Monitoring)
C1611348974,1,2694.66,30.0,Medium Risk (Standard Monitoring)
C1611422415,1,3819.86,30.0,Medium Risk (Standard Monitoring)
C161145916,1,5610.79,30.0,Medium Risk (Standard Monitoring)
C1611466609,1,14025.58,30.0,Medium Risk (Standard Monitoring)
C1611547158,1,986.84,30.0,Medium Risk (Standard Monitoring)
C1611556153,1,503585.59,30.0,Medium Risk (Standard Monitoring)
C1611582709,1,12752.27,30.0,Medium Risk (Standard Monitoring)
C1611644151,1,3731.27,30.0,Medium Risk (Standard Monitoring)
C16117088,1,222707.59,30.0,Medium Risk (Standard Monitoring)
C1611852010,1,4509.68,30.0,Medium Risk (Standard Monitoring)
C1611881305,1,142363.63,30.0,Medium Risk (Standard Monitoring)
C1611919024,1,468.95,30.0,Medium Risk (Standard Monitoring)
C1611940948,1,12919.7,30.0,Medium Risk (Standard Monitoring)
C1611953462,1,7859.42,30.0,Medium Risk (Standard Monitoring)
C1611969414,1,4866.03,30.0,Medium Risk (Standard Monitoring)
C1612040005,1,137054.9,30.0,Medium Risk (Standard Monitoring)
C1612091270,1,61553.92,30.0,Medium Risk (Standard Monitoring)
C1612094991,1,85125.37,30.0,Medium Risk (Standard Monitoring)
C1612131526,1,9111.92,30.0,Medium Risk (Standard Monitoring)
C1612165277,1,866364.56,30.0,Medium Risk (Standard Monitoring)
C161218068,1,359572.88,30.0,Medium Risk (Standard Monitoring)
C1612243823,1,93867.99,30.0,Medium Risk (Standard Monitoring)
C1612419043,1,1624591.95,30.0,Medium Risk (Standard Monitoring)
C1612457878,1,209079.69,30.0,Medium Risk (Standard Monitoring)
C1612496268,1,233255.73,30.0,Medium Risk (Standard Monitoring)
C1612516296,1,4388.61,30.0,Medium Risk (Standard Monitoring)
C1612539426,1,1637.03,30.0,Medium Risk (Standard Monitoring)
C1612554042,1,2002.96,30.0,Medium Risk (Standard Monitoring)
C1612594314,1,7006.5,30.0,Medium Risk (Standard Monitoring)
C1612600407,1,142215.68,30.0,Medium Risk (Standard Monitoring)
C1612605220,1,8738.2,30.0,Medium Risk (Standard Monitoring)
C1612610711,1,17658.97,30.0,Medium Risk (Standard Monitoring)
C1612618777,1,38824.98,30.0,Medium Risk (Standard Monitoring)
C1612672981,1,2337.56,30.0,Medium Risk (Standard Monitoring)
C1612762434,1,5552.23,30.0,Medium Risk (Standard Monitoring)
C161290996,1,275409.2,30.0,Medium Risk (Standard Monitoring)
C1612929742,1,105043.59,30.0,Medium Risk (Standard Monitoring)
C1612958077,1,234829.66,30.0,Medium Risk (Standard Monitoring)
C1613063644,1,11510.43,30.0,Medium Risk (Standard Monitoring)
C1613065499,1,68463.23,30.0,Medium Risk (Standard Monitoring)
C1613092752,1,1895.47,30.0,Medium Risk (Standard Monitoring)
C1613258154,1,6589.23,30.0,Medium Risk (Standard Monitoring)
C1613332278,1,6376.99,30.0,Medium Risk (Standard Monitoring)
C1613392942,1,26745.45,30.0,Medium Risk (Standard Monitoring)
C161339369,1,4765.43,30.0,Medium Risk (Standard Monitoring)
C1613424566,1,4377.04,30.0,Medium Risk (Standard Monitoring)
C1613428817,1,278578.41,30.0,Medium Risk (Standard Monitoring)
C1613434461,1,5197.0,30.0,Medium Risk (Standard Monitoring)
C1613470469,1,3373.46,30.0,Medium Risk (Standard Monitoring)
C1613514326,1,3499.43,30.0,Medium Risk (Standard Monitoring)
C161355488,1,97721.06,30.0,Medium Risk (Standard Monitoring)
C1613567592,1,235265.19,30.0,Medium Risk (Standard Monitoring)
C1613658782,1,10754.33,30.0,Medium Risk (Standard Monitoring)
C1613690225,1,60603.23,30.0,Medium Risk (Standard Monitoring)
C1613729684,1,14979.83,30.0,Medium Risk (Standard Monitoring)
C1613754841,1,249797.0,30.0,Medium Risk (Standard Monitoring)
C1613823294,1,1397530.26,30.0,Medium Risk (Standard Monitoring)
C1613843001,1,27721.69,30.0,Medium Risk (Standard Monitoring)
C1613856232,1,10620.41,30.0,Medium Risk (Standard Monitoring)
C1613864487,1,2008.06,30.0,Medium Risk (Standard Monitoring)
C1613875312,1,371976.86,30.0,Medium Risk (Standard Monitoring)
C1613941542,1,6827.32,30.0,Medium Risk (Standard Monitoring)
C1613959110,1,19583.21,30.0,Medium Risk (Standard Monitoring)
C1614040463,1,174782.98,30.0,Medium Risk (Standard Monitoring)
C1614081814,1,34578.99,30.0,Medium Risk (Standard Monitoring)
C1614097035,1,262231.65,30.0,Medium Risk (Standard Monitoring)
C1614102126,1,18419.08,30.0,Medium Risk (Standard Monitoring)
C1614116437,1,191.18,30.0,Medium Risk (Standard Monitoring)
C1614126202,1,3609.25,30.0,Medium Risk (Standard Monitoring)
C1614129497,1,4711.77,30.0,Medium Risk (Standard Monitoring)
C1614133563,1,228451.89,30.0,Medium Risk (Standard Monitoring)
C1614247050,1,398322.86,30.0,Medium Risk (Standard Monitoring)
C1614343526,1,17926.17,30.0,Medium Risk (Standard Monitoring)
C1614366216,1,232835.4,30.0,Medium Risk (Standard Monitoring)
C1614417359,1,7269.61,30.0,Medium Risk (Standard Monitoring)
C1614418450,1,7170.13,30.0,Medium Risk (Standard Monitoring)
C1614427365,1,1146.54,30.0,Medium Risk (Standard Monitoring)
C1614453866,1,38390.65,30.0,Medium Risk (Standard Monitoring)
C1614556654,1,4445.7,30.0,Medium Risk (Standard Monitoring)
C1614572705,1,879.09,30.0,Medium Risk (Standard Monitoring)
C1614588868,1,249046.59,30.0,Medium Risk (Standard Monitoring)
C1614609930,1,5042.28,30.0,Medium Risk (Standard Monitoring)
C1614689503,1,315453.06,30.0,Medium Risk (Standard Monitoring)
C16147125,1,1626.45,30.0,Medium Risk (Standard Monitoring)
C161472699,1,5742.36,30.0,Medium Risk (Standard Monitoring)
C1614754894,1,2913.38,30.0,Medium Risk (Standard Monitoring)
C16148478,1,84980.31,30.0,Medium Risk (Standard Monitoring)
C1614871949,1,30964.63,30.0,Medium Risk (Standard Monitoring)
C1614876595,1,69178.24,30.0,Medium Risk (Standard Monitoring)
C1614957882,1,127732.26,30.0,Medium Risk (Standard Monitoring)
C1615018896,1,6379.73,30.0,Medium Risk (Standard Monitoring)
C1615045695,1,115021.46,30.0,Medium Risk (Standard Monitoring)
C1615222869,1,215109.07,30.0,Medium Risk (Standard Monitoring)
C1615256569,1,551735.6,30.0,Medium Risk (Standard Monitoring)
C1615264672,1,45279.83,30.0,Medium Risk (Standard Monitoring)
C1615298172,1,210829.34,30.0,Medium Risk (Standard Monitoring)
C1615302766,1,570.52,30.0,Medium Risk (Standard Monitoring)
C1615305571,1,52689.81,30.0,Medium Risk (Standard Monitoring)
C1615328811,1,27955.63,30.0,Medium Risk (Standard Monitoring)
C1615330659,1,16108.52,30.0,Medium Risk (Standard Monitoring)
C1615383247,1,133980.84,30.0,Medium Risk (Standard Monitoring)
C1615406568,1,88115.51,30.0,Medium Risk (Standard Monitoring)
C1615410468,1,9129.7,30.0,Medium Risk (Standard Monitoring)
C1615422341,1,136361.59,30.0,Medium Risk (Standard Monitoring)
C1615480454,1,375939.08,30.0,Medium Risk (Standard Monitoring)
C1615668218,1,326468.84,30.0,Medium Risk (Standard Monitoring)
C1615669446,1,136001.37,30.0,Medium Risk (Standard Monitoring)
C1615801298,1,2204.04,30.0,Medium Risk (Standard Monitoring)
C1615841668,1,21264.38,30.0,Medium Risk (Standard Monitoring)
C1615878341,1,204018.28,30.0,Medium Risk (Standard Monitoring)
C1615894600,1,2804.04,30.0,Medium Risk (Standard Monitoring)
C1615923089,1,109261.69,30.0,Medium Risk (Standard Monitoring)
C1615983603,1,59267.26,30.0,Medium Risk (Standard Monitoring)
C1616032917,1,493539.27,30.0,Medium Risk (Standard Monitoring)
C1616404704,1,221053.95,30.0,Medium Risk (Standard Monitoring)
C1616438581,1,7886.77,30.0,Medium Risk (Standard Monitoring)
C1616453147,1,345548.01,30.0,Medium Risk (Standard Monitoring)
C1616501482,1,3141.37,30.0,Medium Risk (Standard Monitoring)
C1616750459,1,154834.83,30.0,Medium Risk (Standard Monitoring)
C1616753553,1,196354.91,30.0,Medium Risk (Standard Monitoring)
C1616840941,1,82801.99,30.0,Medium Risk (Standard Monitoring)
C1617006163,1,116444.85,30.0,Medium Risk (Standard Monitoring)
C1617011731,1,4740.91,30.0,Medium Risk (Standard Monitoring)
C161702256,1,162121.1,30.0,Medium Risk (Standard Monitoring)
C1617079700,1,3999.16,30.0,Medium Risk (Standard Monitoring)
C1617156106,1,6029.92,30.0,Medium Risk (Standard Monitoring)
C1617174216,1,147388.67,30.0,Medium Risk (Standard Monitoring)
C1617192987,1,33555.41,30.0,Medium Risk (Standard Monitoring)
C161724858,1,206097.39,30.0,Medium Risk (Standard Monitoring)
C1617265545,1,5399.32,30.0,Medium Risk (Standard Monitoring)
C1617300769,1,506721.82,30.0,Medium Risk (Standard Monitoring)
C1617422273,1,52997.24,30.0,Medium Risk (Standard Monitoring)
C1617443612,1,23791.11,30.0,Medium Risk (Standard Monitoring)
C1617515125,1,15958.93,30.0,Medium Risk (Standard Monitoring)
C1617550648,1,24445.19,30.0,Medium Risk (Standard Monitoring)
C1617563782,1,30618.28,30.0,Medium Risk (Standard Monitoring)
C1617566660,1,12638.35,30.0,Medium Risk (Standard Monitoring)
C1617635611,1,250772.37,30.0,Medium Risk (Standard Monitoring)
C1617640712,1,5454.78,30.0,Medium Risk (Standard Monitoring)
C1617730384,1,34141.18,30.0,Medium Risk (Standard Monitoring)
C1617781336,1,10512.19,30.0,Medium Risk (Standard Monitoring)
C1617784108,1,11430.59,30.0,Medium Risk (Standard Monitoring)
C1617890923,1,15918.33,30.0,Medium Risk (Standard Monitoring)
C1617913986,1,61307.14,30.0,Medium Risk (Standard Monitoring)
C1617938440,1,234915.69,30.0,Medium Risk (Standard Monitoring)
C1618036072,1,7322.97,30.0,Medium Risk (Standard Monitoring)
C1618043679,1,3788.69,30.0,Medium Risk (Standard Monitoring)
C1618044301,1,113221.79,30.0,Medium Risk (Standard Monitoring)
C1618088039,1,6510.58,30.0,Medium Risk (Standard Monitoring)
C1618097189,1,137394.21,30.0,Medium Risk (Standard Monitoring)
C1618099562,1,131011.3,30.0,Medium Risk (Standard Monitoring)
C1618252742,1,122275.18,30.0,Medium Risk (Standard Monitoring)
C1618299458,1,4012.09,30.0,Medium Risk (Standard Monitoring)
C1618326227,1,12040.95,30.0,Medium Risk (Standard Monitoring)
C1618326377,1,7800.55,30.0,Medium Risk (Standard Monitoring)
C1618355383,1,45098.5,30.0,Medium Risk (Standard Monitoring)
C1618400980,1,312532.17,30.0,Medium Risk (Standard Monitoring)
C1618425865,1,5804.72,30.0,Medium Risk (Standard Monitoring)
C1618489605,1,67666.92,30.0,Medium Risk (Standard Monitoring)
C1618504655,1,47438.0,30.0,Medium Risk (Standard Monitoring)
C1618536283,1,129321.78,30.0,Medium Risk (Standard Monitoring)
C1618567652,1,57678.93,30.0,Medium Risk (Standard Monitoring)
C1618583682,1,1810.5,30.0,Medium Risk (Standard Monitoring)
C1618586756,1,342971.88,30.0,Medium Risk (Standard Monitoring)
C1618683794,1,651387.84,30.0,Medium Risk (Standard Monitoring)
C1618689748,1,45114.41,30.0,Medium Risk (Standard Monitoring)
C1618818773,1,11955.96,30.0,Medium Risk (Standard Monitoring)
C161883643,1,78.75,30.0,Medium Risk (Standard Monitoring)
C1618840957,1,254241.75,30.0,Medium Risk (Standard Monitoring)
C1618871412,1,16368.14,30.0,Medium Risk (Standard Monitoring)
C1618966177,1,499.22,30.0,Medium Risk (Standard Monitoring)
C1618984457,1,334234.39,30.0,Medium Risk (Standard Monitoring)
C1619007919,1,133210.0,30.0,Medium Risk (Standard Monitoring)
C1619013811,1,236040.3,30.0,Medium Risk (Standard Monitoring)
C1619274810,1,1649.84,30.0,Medium Risk (Standard Monitoring)
C1619369818,1,9370.51,30.0,Medium Risk (Standard Monitoring)
C1619385215,1,10281.13,30.0,Medium Risk (Standard Monitoring)
C1619423221,1,174206.92,30.0,Medium Risk (Standard Monitoring)
